ra,dec,u,g,r,i,z,redshift,class
183.5313257,0.08969303,19.47406,17.0424,15.94699,15.503420000000002,15.22531,-8.96e-06,STAR
183.59837050000002,0.135285032,18.6628,17.214489999999998,16.676370000000002,16.48922,16.3915,-5.489999999999999e-05,STAR
183.6802074,0.126185092,19.38298,18.191689999999998,17.47428,17.087320000000002,16.80125,0.1231112,GALAXY
183.8705294,0.049910685,17.76536,16.60272,16.16116,15.98233,15.904379999999998,-0.000110616,STAR
183.8832883,0.10255675199999999,17.55025,16.26342,16.43869,16.554920000000003,16.61326,0.000590357,STAR
183.8471736,0.17369416399999998,19.43133,18.46779,18.16451,18.01475,18.04155,0.000314603,STAR
183.864379,0.019200711000000002,19.38322,17.88995,17.10537,16.66393,16.36955,0.1002423,GALAXY
183.9000814,0.18747329699999998,18.97993,17.84496,17.38022,17.20673,17.070710000000002,0.000314848,STAR
183.9245885,0.09724578199999999,17.90616,16.97172,16.67541,16.537760000000002,16.47596,8.909999999999998e-05,STAR
183.9734977,0.081625582,18.67249,17.71375,17.49362,17.28284,17.22644,0.04050813,GALAXY
183.9791945,0.135997822,19.29772,17.80227,17.182660000000002,16.92335,16.79928,-3.46e-05,STAR
184.0853311,0.11211002199999999,18.833070000000003,17.51785,16.942729999999997,16.71418,16.60521,0.000622774,STAR
184.10209790000002,0.191510916,19.5625,18.191129999999998,17.65759,17.47573,17.39203,5.47e-05,STAR
184.1605102,0.07564531299999999,19.5799,17.72815,16.9874,16.68076,16.504260000000002,8.3e-06,STAR
184.1895738,0.099482468,19.25667,17.54869,16.63578,16.14922,15.76639,0.07208736,GALAXY
184.2217972,0.046955181,19.05958,18.09512,17.92766,17.8927,17.90772,0.000209974,STAR
184.3888696,0.068287428,19.04397,17.51106,16.87335,16.61114,16.48303,0.000240098,STAR
184.3809191,0.17432277,17.81661,16.86976,16.53884,16.19576,16.086679999999998,0.07277206,GALAXY
184.4668531,0.11196532099999999,19.3932,18.48274,18.16551,18.05122,18.04328,-0.00027021799999999997,STAR
184.5694109,0.137091485,17.51339,16.41793,16.06695,15.937510000000001,15.894779999999999,-3.5499999999999996e-05,STAR
184.6587955,0.159935507,18.63032,17.234370000000002,16.72749,16.51772,16.44039,4.31e-06,STAR
184.5168342,0.145549586,19.216839999999998,18.29956,18.19589,18.147579999999998,18.266579999999998,8.8e-05,STAR
184.61856310000002,0.080576269,19.4127,17.47109,16.4987,16.06502,15.668479999999999,0.1167829,GALAXY
184.6274079,0.013234086,18.485429999999997,17.339000000000002,16.90179,16.66712,16.48684,0.02129653,GALAXY
184.6767619,0.059441869,17.72835,16.19783,15.66073,15.51586,15.43615,0.000175365,STAR
184.7119696,0.066571901,17.70824,16.610689999999998,16.19772,16.0625,16.00229,0.00017238,STAR
184.7702039,0.19801005,18.18974,17.237379999999998,16.89113,16.757270000000002,16.710520000000002,0.0005198080000000001,STAR
184.7826977,0.140979369,19.0764,17.78953,16.98818,16.60519,16.278589999999998,0.11694460000000001,GALAXY
184.7651553,0.080985794,19.18013,18.07133,17.71771,17.48797,17.55667,0.06807999,GALAXY
184.8635981,0.14346936300000002,18.388479999999998,17.00188,16.37884,16.16978,16.0124,0.000135947,STAR
184.86419030000002,0.143441662,17.934070000000002,16.64581,16.22206,16.07029,16.06046,0.000158087,STAR
184.8755286,0.033060812,19.03059,18.10673,17.82561,17.71227,17.6878,-0.00016737799999999998,STAR
184.8763144,0.18515137199999998,18.12978,17.174210000000002,16.751079999999998,16.5884,16.48527,0.000692428,STAR
184.9569855,0.156360267,18.15079,16.77761,16.2215,16.02345,15.919570000000002,0.000304361,STAR
184.8321997,0.044306547,19.52092,17.585620000000002,16.4269,15.944729999999998,15.56269,0.1506381,GALAXY
184.97221530000002,0.09775424099999999,18.905920000000002,17.466079999999998,16.85369,16.58687,16.418779999999998,0.00057828,STAR
184.99427509999998,0.109160933,17.7019,16.76073,16.487460000000002,16.381729999999997,16.33654,0.0007047360000000001,STAR
185.00125549999998,0.069723829,18.85351,17.97745,17.6112,17.456789999999998,17.40576,-0.000676195,STAR
185.0650695,0.14244289400000001,18.75478,17.58247,17.080460000000002,16.87063,16.75911,-0.000503256,STAR
185.0859131,0.099953851,18.33616,17.30684,16.929029999999997,16.78272,16.73807,7.609999999999999e-05,STAR
185.02738540000001,0.095346099,19.1713,18.01316,17.42493,17.044929999999997,16.822370000000003,0.1183854,GALAXY
185.03638830000003,0.17667755,19.120829999999998,17.921889999999998,17.18494,16.7895,16.522579999999998,0.1575296,GALAXY
185.2170514,0.15519381599999998,18.897070000000003,18.045189999999998,17.7501,17.6378,17.6124,0.000250291,STAR
185.13672880000001,0.071514063,19.48347,17.515220000000003,16.31651,15.83499,15.4368,0.15851629999999997,GALAXY
185.23060769999998,0.010099581,19.31764,18.38629,18.12009,17.9998,17.93916,0.000576704,STAR
185.3772509,0.200803727,17.964000000000002,16.396320000000003,15.74191,15.4828,15.32453,0.000349798,STAR
159.62496480000001,-0.62071445,19.19383,18.202779999999997,17.90109,17.77634,17.74759,-0.000256492,STAR
159.7978416,-0.5571964660000001,19.19752,18.07471,17.76889,17.6148,17.49577,0.02335118,GALAXY
159.8033022,-0.535038616,19.266270000000002,18.16093,17.59907,17.2172,17.06311,0.1236402,GALAXY
159.84752350000002,-0.5342664,19.38251,17.92302,17.11018,16.664920000000002,16.345579999999998,0.11416760000000002,GALAXY
159.9393455,-0.6091843229999999,19.48702,18.51823,18.18637,18.06704,18.05865,0.000790241,STAR
160.0342636,-0.421625751,19.2634,17.67693,16.82551,16.423070000000003,16.13864,0.13304860000000002,GALAXY
160.0351619,-0.599992669,19.31866,18.274070000000002,17.748839999999998,17.416179999999997,17.24165,0.07470067,GALAXY
160.1442091,-0.489329778,18.73682,17.65075,17.23958,17.07875,17.03255,0.000106767,STAR
160.119405,-0.61813005,19.29416,17.971339999999998,17.26079,16.860129999999998,16.56031,0.08692535,GALAXY
160.2275468,-0.433199867,19.48611,17.93822,17.21548,16.828529999999997,16.53911,0.1335348,GALAXY
160.2486687,-0.5799923610000001,19.31804,17.30973,16.17525,15.69015,15.312610000000001,0.1370104,GALAXY
160.3831151,-0.459235231,19.29157,17.3125,16.178620000000002,15.708979999999999,15.31378,0.13737220000000003,GALAXY
160.4339517,-0.608481498,19.38467,18.59734,18.12431,17.74761,17.63823,0.1321922,GALAXY
160.44364240000002,-0.6005497120000001,18.271729999999998,17.0717,16.65145,16.39055,16.27766,0.03641907,GALAXY
160.4534919,-0.6170384170000001,19.10892,17.76311,16.917939999999998,16.47233,16.19134,0.13835060000000002,GALAXY
160.6582067,-0.439603952,17.78707,16.12342,15.489339999999999,15.2674,15.140270000000001,0.000149526,STAR
160.6754542,-0.559791088,17.54073,15.837060000000001,15.15225,14.914979999999998,14.82364,0.000236645,STAR
160.7170039,-0.609533502,18.44119,17.54684,17.27727,17.1878,17.20361,-0.00011420299999999999,STAR
160.7303546,-0.521740212,19.13281,17.80045,17.2643,17.07242,16.98861,0.000186468,STAR
160.81210769999998,-0.520466085,19.42387,18.24594,18.319329999999997,18.40867,18.526139999999998,0.000830783,STAR
160.81663740000002,-0.557673714,17.95812,16.9013,16.52805,16.39926,16.37399,-7.659999999999999e-05,STAR
160.8202892,-0.52224098,16.344,14.854870000000002,14.29812,14.12055,14.08315,-4.79e-05,STAR
160.7014882,-0.445422709,19.34314,18.12056,17.55584,17.19446,16.9961,0.08592108,GALAXY
160.8486802,-0.627079872,17.73398,16.84657,16.57527,16.48237,16.4738,0.000700168,STAR
160.93823999999998,-0.42324661799999996,17.37104,15.784870000000002,14.989820000000002,14.586739999999999,14.25872,0.03910941,GALAXY
160.936366,-0.42133441299999996,19.51073,18.058510000000002,17.59638,17.33996,17.29404,0.03917867,GALAXY
160.8619387,-0.42273498600000003,19.44424,18.23033,17.64066,17.2346,17.04825,0.1273446,GALAXY
160.87883200000002,-0.584109529,19.11186,17.90859,17.40774,17.19731,17.05761,0.0190457,GALAXY
160.99134530000003,-0.507477148,18.6673,16.70426,15.81967,15.403129999999999,15.06115,0.05955937,GALAXY
160.9953137,-0.478531394,19.045170000000002,17.876620000000003,17.49664,17.372870000000002,17.33316,6.1e-05,STAR
160.9977374,-0.468998759,17.944589999999998,16.51015,15.8354,15.40969,15.102520000000002,0.06012432,GALAXY
161.0084679,-0.57896477,17.3725,16.25937,15.887270000000001,15.75644,15.71021,-0.000187248,STAR
161.0623439,-0.494714915,16.453789999999998,15.029620000000001,14.56318,14.40143,14.359000000000002,-4.96e-05,STAR
161.09002990000002,-0.612438382,19.269270000000002,18.24939,17.96535,17.83665,17.80351,0.000899142,STAR
161.094801,-0.452049786,17.8271,16.23793,15.67866,15.494270000000002,15.41664,-7.840000000000001e-05,STAR
161.115243,-0.575633407,17.88776,16.52607,16.03367,15.850570000000001,15.805179999999998,0.000107983,STAR
160.9911005,-0.561372535,19.58396,17.64963,16.730629999999998,16.29203,15.947020000000002,0.06164807,GALAXY
160.9981591,-0.588311672,18.1781,16.135679999999997,15.287529999999999,14.898270000000002,14.564789999999999,0.06063098,GALAXY
160.99676499999998,-0.5882448920000001,18.38625,16.39808,15.40492,14.880120000000002,14.50048,0.06067357,GALAXY
161.0643247,-0.484587014,18.77188,17.15955,16.35564,15.94145,15.65799,0.0603932,GALAXY
161.13352880000002,-0.569857253,16.63374,15.54072,15.187439999999999,15.06259,15.03905,0.00045009900000000003,STAR
161.18058440000001,-0.456397413,17.14849,15.83151,15.357529999999999,15.188870000000001,15.12737,0.000161562,STAR
161.2107488,-0.43337388600000004,16.23113,15.20485,14.954429999999999,14.8674,14.863010000000001,-0.00011174299999999999,STAR
161.2265355,-0.470463619,18.56268,17.14623,16.5559,16.29699,16.157,0.0006572489999999999,STAR
161.255471,-0.531927477,17.47383,16.418029999999998,16.07634,15.96205,15.902470000000001,-0.000287019,STAR
161.1426397,-0.43457405299999996,19.38031,18.076520000000002,17.34212,16.863410000000002,16.50079,0.08483262,GALAXY
161.1642017,-0.434453905,19.056160000000002,17.70945,16.99192,16.540760000000002,16.266189999999998,0.08539017,GALAXY
161.17368169999997,-0.503545461,18.95158,17.47266,16.70008,16.29777,15.990120000000001,0.11612650000000001,GALAXY
161.0737895,-0.89274034,19.11236,17.92701,17.423470000000002,17.0868,16.83476,0.03869415,GALAXY
161.02447180000001,-0.962380281,18.867520000000003,17.33773,16.806829999999998,16.55789,16.389960000000002,0.02655639,GALAXY
161.1941229,-1.023623943,18.95785,18.08318,17.781779999999998,17.65689,17.61821,0.00088935,STAR
161.238814,-0.840751357,17.80041,16.46003,15.90095,15.669629999999998,15.537720000000002,0.00038642300000000005,STAR
161.2480303,-0.9581667890000001,18.76266,17.25724,16.685129999999997,16.47563,16.38993,0.00018398,STAR
161.2734198,-0.9966689009999999,16.82701,15.300220000000001,14.730889999999999,14.5436,14.44859,3.98e-05,STAR
161.3031007,-0.9642762859999999,19.01558,17.72445,17.181520000000003,16.97813,16.85652,0.00036555400000000003,STAR
161.3076233,-0.9225295029999999,18.6769,17.78154,17.52458,17.422320000000003,17.38025,0.000182587,STAR
161.3506918,-0.8931193940000001,18.12173,16.849510000000002,16.38322,16.202720000000003,16.10719,0.00023867,STAR
161.4256487,-0.991083327,18.82957,17.93844,17.56125,17.39783,17.33559,0.000356511,STAR
161.4407033,-0.9745331290000001,17.56939,16.61339,16.2723,16.13031,16.0821,0.000332482,STAR
161.4871696,-0.879257492,19.56237,17.59451,16.7141,16.29138,15.95551,0.08621725,GALAXY
161.5643091,-1.017804433,19.56588,18.63518,18.09855,17.7029,17.48965,0.06744873,GALAXY
161.5783055,-0.8560356020000001,18.45709,17.05875,16.56312,16.359720000000003,16.285339999999998,0.000291299,STAR
161.68037890000002,-0.8758434420000001,18.0872,16.64009,16.176270000000002,15.986260000000001,15.924370000000001,6.27e-05,STAR
161.69335269999996,-0.923690302,18.20489,17.12961,16.79656,16.62952,16.57625,0.000995929,STAR
161.6351321,-0.855769711,19.39882,18.3913,17.856070000000003,17.46761,17.32818,0.150701,GALAXY
161.73792450000002,-1.015841899,17.46669,16.360039999999998,15.878070000000001,15.656789999999999,15.56303,0.000695604,STAR
161.7416796,-0.9871104540000001,17.66388,18.01819,18.96769,18.32366,16.18336,5.17e-05,STAR
161.7416467,-0.8460293659999999,17.70241,17.84848,18.157989999999998,18.389870000000002,18.71965,5.7799999999999995e-05,STAR
161.74089130000002,-0.97987371,18.53678,17.96047,17.373,17.21301,17.182470000000002,0.03981317,GALAXY
161.81125669999997,-1.020950417,19.288439999999998,17.89368,17.29176,17.058970000000002,16.92672,-0.000138961,STAR
161.8815501,-0.919919301,17.5803,15.91818,15.3324,15.128879999999999,15.04031,7.929999999999999e-05,STAR
161.9354758,-0.950524205,17.58302,16.1223,15.614289999999999,15.4367,15.373429999999999,9.740000000000001e-05,STAR
161.8843346,-0.944497872,18.97204,17.9849,17.666179999999997,17.43481,17.323520000000002,0.05151358,GALAXY
162.047298,-0.840633793,17.07819,15.49603,14.84319,14.54306,14.38931,0.000543499,STAR
162.0813465,-0.941748913,19.43337,18.54425,18.21197,18.07626,17.99902,0.000586336,STAR
162.09858400000002,-0.914676301,18.30903,17.08338,16.65224,16.48205,16.39475,0.00011784700000000001,STAR
162.1613267,-1.0417059659999999,16.67229,15.52946,15.16349,15.04075,15.002770000000002,5.17e-05,STAR
162.17763100000002,-1.007117476,18.04392,16.98619,16.67233,16.54937,16.49476,0.000264481,STAR
162.19974,-1.01466107,18.85257,17.86745,17.55789,17.43459,17.383570000000002,-5.870000000000001e-07,STAR
162.2248113,-0.987748767,16.86535,15.811679999999999,15.47238,15.32898,15.273670000000001,0.000274919,STAR
162.2465655,-0.918542011,17.71105,16.34725,15.830029999999999,15.602089999999999,15.47698,-0.00045622,STAR
162.2042136,-0.9873624870000001,17.80165,16.61996,16.1181,15.85237,15.641570000000002,0.02614697,GALAXY
162.289475,-0.908548805,18.66761,16.83642,15.953520000000001,15.514729999999998,15.16474,0.03804233,GALAXY
162.3337182,-1.001236825,18.45831,17.09308,16.551460000000002,16.36101,16.27274,0.00038865,STAR
162.3451997,-0.846905435,19.45426,17.49314,16.74405,16.50129,16.340020000000003,0.000164115,STAR
162.41005249999998,-0.974669972,17.57672,16.30313,15.82177,15.6353,15.5685,0.000326733,STAR
162.4063775,-0.907118295,18.41814,17.17549,16.63656,16.31784,16.1021,0.03836371,GALAXY
162.49242869999998,-1.0375116690000001,19.16261,17.45277,16.81324,16.561239999999998,16.44654,7.82e-05,STAR
162.588828,-0.87201293,17.37496,16.065520000000003,15.63478,15.48339,15.423210000000001,5.2600000000000005e-05,STAR
162.5862969,-0.873837222,18.81535,16.69037,15.708829999999999,15.31833,14.85697,0.1074627,GALAXY
162.5985101,-0.990873937,18.02848,16.65369,16.06824,15.827210000000001,15.70943,-3.76e-05,STAR
162.61102380000003,-0.890844709,17.33813,15.96866,15.496720000000002,15.332820000000002,15.27834,-4.71e-05,STAR
162.5471497,-1.002056509,19.48367,18.1998,17.555220000000002,17.15322,16.937520000000003,0.1045614,GALAXY
162.6673956,-0.900916547,16.52364,15.40187,15.08259,14.97577,14.950879999999998,0.000263051,STAR
218.7291721,0.45811204899999997,16.97457,15.7859,15.32505,15.160910000000001,15.088770000000002,-5.7e-06,STAR
218.8321711,0.47572999,16.75927,15.620120000000002,15.040999999999999,14.71669,14.44965,0.02956719,GALAXY
219.083277,0.576226173,18.70255,17.71797,17.34371,17.17482,17.1185,2.47e-05,STAR
219.1969133,0.627944731,19.54733,18.17471,17.46927,17.09822,16.84518,0.1097059,GALAXY
219.13765719999998,0.43289903700000004,19.20287,16.59277,15.706579999999999,15.251029999999998,14.89744,0.07221484,GALAXY
219.25040090000002,0.5647541110000001,19.07784,18.06951,17.70663,17.49811,17.31405,0.03472417,GALAXY
219.56176630000002,0.547663882,19.06822,17.80601,17.33803,17.16516,17.09147,-2.6600000000000003e-05,STAR
219.58224700000002,0.595887057,17.89559,16.71264,16.2921,16.1399,16.07841,7.049999999999999e-05,STAR
219.5886352,0.510878933,19.14528,18.19967,17.89295,17.78337,17.73488,-0.000276482,STAR
219.66116639999998,0.5692983229999999,19.47595,18.6116,18.52926,18.76056,18.28581,-0.000385041,STAR
219.7797727,0.508632556,17.274379999999997,16.148789999999998,15.720189999999999,15.48375,15.350729999999999,0.03325611,GALAXY
219.93872459999997,0.531203465,18.9146,17.67455,16.96098,16.574820000000003,16.290570000000002,0.11651500000000001,GALAXY
220.12241119999996,0.5840894320000001,16.93221,15.56652,14.920860000000001,14.58185,14.3252,0.03717615,GALAXY
220.1776293,0.606597158,18.73475,17.79811,17.46425,17.345660000000002,17.29465,0.000255278,STAR
220.1815105,0.46474360299999995,19.5796,17.68983,16.74287,16.33313,16.0111,0.1092154,GALAXY
220.24756910000002,0.561580939,19.33625,17.34765,16.35417,15.91167,15.58279,0.1087394,GALAXY
220.59926910000001,0.61894204,18.371589999999998,16.28451,15.445920000000001,15.16673,15.012270000000001,-7.049999999999999e-05,STAR
220.6831889,0.5983847179999999,19.28787,17.52747,16.759079999999997,16.419610000000002,16.23461,-4.11e-06,STAR
220.6841228,0.454116001,18.44022,18.02603,17.97474,18.0135,18.121170000000003,-5.16e-05,STAR
220.7117312,0.461338753,19.26163,17.71671,17.12826,16.895129999999998,16.79474,-0.000233312,STAR
220.72433059999997,0.502230386,18.72794,17.20167,16.65129,16.436970000000002,16.32,-0.000133688,STAR
220.7765893,0.561814348,19.24336,17.86197,17.30386,17.06635,16.94732,-0.000180286,STAR
220.80541430000002,0.589285246,19.57003,17.3458,16.40484,16.056929999999998,15.8713,-0.00015097,STAR
220.81020389999998,0.6321244220000001,19.49442,17.999579999999998,17.41921,17.21484,17.10793,-0.00013486799999999998,STAR
220.91952569999998,0.513809061,19.03802,17.42171,16.71644,16.41698,16.237460000000002,7.8e-05,STAR
221.01271409999998,0.463478571,18.75202,17.90223,17.58861,17.45896,17.41188,-0.00052212,STAR
221.01133760000002,0.538007926,19.43955,18.52889,18.24026,18.134120000000003,18.056729999999998,-0.000247798,STAR
221.0417383,0.564546475,18.7746,17.64604,17.228920000000002,17.07624,17.01672,4.98e-05,STAR
221.0641256,0.587618415,17.987920000000003,16.4793,15.89139,15.689639999999999,15.578970000000002,-9.23e-05,STAR
221.1327369,0.43697365200000005,18.21947,16.941760000000002,16.4855,16.348679999999998,16.28067,9.98e-05,STAR
221.15285640000002,0.45143812200000005,18.72254,17.38212,16.82234,16.65747,16.55055,-1e-05,STAR
221.16328019999997,0.48395845200000004,17.884420000000002,16.96119,16.642870000000002,16.53269,16.48384,3.19e-05,STAR
221.2272293,0.451146308,18.605439999999998,17.67091,17.419829999999997,17.32616,17.2992,-0.0005040859999999999,STAR
221.25725809999997,0.47642618299999995,17.59142,16.66143,16.42614,16.34742,16.323629999999998,-0.0007436439999999999,STAR
221.2637264,0.526978719,17.00244,15.55892,14.93361,14.58515,14.328710000000001,0.02873155,GALAXY
221.2678582,0.436562846,19.51547,18.58734,18.33786,18.235229999999998,18.24343,0.00025548599999999997,STAR
221.27773760000002,0.49473218,19.25605,18.11174,17.348679999999998,16.93481,16.685579999999998,0.10980839999999999,GALAXY
221.36499320000001,0.45401469200000005,17.52671,16.10266,15.5727,15.35048,15.24569,0.000836224,STAR
221.4417135,0.581083659,18.04508,16.81564,16.39389,16.24002,16.18995,0.000249663,STAR
221.4984006,0.597512281,17.43719,16.50009,16.13932,16.01473,15.95873,0.000166582,STAR
221.53385319999995,0.623223399,16.26559,15.31763,15.035260000000001,14.923720000000001,14.86764,0.000397916,STAR
221.56254049999998,0.580158773,17.14242,15.63551,15.02396,14.789979999999998,14.650139999999999,-0.000196452,STAR
221.59577439999998,0.528211211,18.18575,16.917289999999998,16.98115,17.01807,17.02806,-0.000381969,STAR
221.5958569,0.480183884,19.23104,18.20884,17.89136,17.78259,17.757360000000002,0.000249086,STAR
221.5173497,0.5016905429999999,19.33756,17.0609,16.05876,15.676620000000002,15.44594,2.57e-05,STAR
221.68580260000002,0.541573251,18.76614,17.47334,16.932879999999997,16.72206,16.60205,-9.470000000000001e-05,STAR
221.69306630000003,0.430141182,18.2921,17.171860000000002,17.38653,17.5653,17.6834,-0.000177157,STAR
221.70613140000003,0.5286858329999999,19.37555,18.27386,17.7944,17.603289999999998,17.504170000000002,-0.00021165799999999999,STAR
121.8207518,0.93199037,19.37035,17.34262,16.35286,15.924000000000001,15.58903,0.1019929,GALAXY
122.08789990000001,0.843146891,19.05249,17.037770000000002,16.07633,15.631479999999998,15.31245,0.10153279999999999,GALAXY
122.8639945,0.8961508220000001,18.206310000000002,16.89692,16.46658,16.315739999999998,16.28902,0.00048813,STAR
122.9819452,0.96385693,17.63113,16.559260000000002,16.24861,16.14775,16.13221,0.000132041,STAR
122.988638,0.973742938,15.99172,14.98865,14.700029999999998,14.649189999999999,14.506260000000001,9.27e-05,STAR
122.93563540000001,0.899085529,19.37706,18.440929999999998,18.245279999999998,18.194689999999998,18.176679999999998,0.000452989,STAR
123.03938570000001,0.9300704470000001,16.738770000000002,15.68268,15.436539999999999,15.385720000000001,15.402079999999998,0.000128369,STAR
123.0202645,0.9118745559999999,16.37119,15.28426,15.05225,14.98734,15.0114,5.720000000000001e-05,STAR
123.01653540000001,0.8481453590000001,19.524810000000002,18.21796,17.68045,17.46177,17.37293,1.7199999999999998e-05,STAR
123.20250049999999,0.9051299309999999,18.6522,17.52927,17.53732,17.58253,17.67018,-0.00024225400000000002,STAR
123.2678952,0.960993455,16.632929999999998,15.275089999999999,14.61367,14.508410000000001,14.272920000000001,-5.539999999999999e-05,STAR
123.3488072,0.922523639,16.14538,15.07947,14.841439999999999,14.772820000000001,14.786810000000001,0.000239212,STAR
123.4261304,0.8818838459999999,17.84565,16.82412,16.49827,16.387420000000002,16.35545,0.000146998,STAR
123.58796029999999,0.919738666,17.754839999999998,16.59773,16.53687,16.56253,16.611539999999998,-7.06e-06,STAR
123.54526770000001,0.9313921140000001,19.3623,18.1918,17.819770000000002,17.69313,17.61249,0.000235469,STAR
123.61277709999999,0.948787095,18.97095,17.07911,16.137539999999998,15.65789,15.345479999999998,0.06836422,GALAXY
123.6735605,0.861348537,16.48326,15.044939999999999,15.04021,14.295179999999998,14.18345,0.000224322,STAR
123.7430415,1.0063986329999999,18.98689,17.097579999999997,16.18773,15.7323,15.461689999999999,0.09046602,GALAXY
110.0700392,1.2187346909999999,19.425910000000002,18.424429999999997,18.00135,17.790789999999998,17.70945,0.000104138,STAR
110.2464537,1.364871806,18.58476,17.2945,16.422060000000002,16.27426,15.89856,0.00039113900000000004,STAR
110.2753731,1.4070696809999999,19.44881,17.06147,16.09691,15.757539999999999,15.581529999999999,0.000127138,STAR
110.27303049999999,1.4248066190000002,19.585539999999998,17.76914,16.91808,16.554389999999998,16.34465,9.15e-05,STAR
110.4555313,1.254180245,19.58684,17.73149,16.96642,16.67645,16.4914,0.00034609,STAR
110.4698503,1.228434849,19.425710000000002,17.78678,17.11364,16.85967,16.678539999999998,0.000182417,STAR
110.73069960000001,1.289661343,18.36269,16.790129999999998,16.162860000000002,15.91035,15.780320000000001,0.000170339,STAR
119.82210259999998,1.324423012,19.11461,17.111079999999998,16.35578,16.07985,15.947470000000001,0.000258839,STAR
119.9972972,1.2956188690000001,19.25602,17.7522,17.28004,17.11725,17.12696,0.000270987,STAR
120.12414799999999,1.311372513,18.683120000000002,16.80078,16.12189,15.88605,15.78726,0.000208869,STAR
120.19498700000001,1.339231727,19.13375,17.84091,17.37001,17.20419,17.1407,0.000275159,STAR
120.2980709,1.359265937,19.41101,17.17151,16.17792,15.78271,15.515020000000002,0.000391232,STAR
120.5478185,1.281227451,19.17278,17.304389999999998,16.63581,16.435979999999997,16.35109,-6.64e-05,STAR
244.5764969,-1.255263413,19.29697,18.08211,17.20792,16.743470000000002,16.437620000000003,0.12720510000000002,GALAXY
243.907446,0.00239456,18.719620000000003,17.453110000000002,16.88231,16.54723,16.2756,0.06540032,GALAXY
244.10233219999998,0.002619598,19.35342,18.11187,17.45305,17.10616,16.88711,0.07115377,GALAXY
174.16448830000002,-0.956707465,19.57255,18.59834,18.479110000000002,18.45792,18.604589999999998,0.001135097,STAR
239.3606352,-0.9166897270000001,19.238789999999998,17.49932,16.53521,16.092229999999997,15.76121,0.03969949,GALAXY
239.40207,-0.9758787520000001,18.674220000000002,17.42511,16.89116,16.67803,16.57392,-0.000143192,STAR
243.56752400000002,-0.880445873,18.83577,17.25845,16.545560000000002,16.134339999999998,15.83491,0.07050942,GALAXY
243.7088761,-0.9156529609999999,17.61482,15.69639,14.77024,14.318760000000001,13.953529999999999,0.0307668,GALAXY
244.1624119,-0.889893127,18.994120000000002,17.90879,17.464660000000002,17.28111,17.20599,-0.000178635,STAR
244.5126642,-0.934182657,19.14963,18.00378,17.4657,17.1376,16.90036,0.04402394,GALAXY
244.81394480000003,-0.937774714,18.7809,19.0767,19.45117,19.74457,20.02123,0.000609734,STAR
245.4938873,-0.903742395,17.33854,16.272370000000002,15.90035,15.75182,15.696670000000001,-0.000872277,STAR
245.35937149999998,-0.9053928859999999,19.382189999999998,18.20107,17.8056,17.4992,17.411720000000003,0.06565089,GALAXY
245.41765930000003,-0.855605136,19.2266,17.27751,16.39126,15.95711,15.61498,0.04565,GALAXY
245.4760412,-0.85992427,19.41398,17.290779999999998,16.337020000000003,15.87626,15.48284,0.04462435,GALAXY
245.53882430000002,-0.8725552320000001,19.19971,17.22391,16.29199,15.85335,15.483670000000002,0.04954444,GALAXY
205.0729646,-0.6826117009999999,18.94325,17.02095,16.06735,15.633870000000002,15.28098,0.08937013,GALAXY
205.6135979,-0.65715286,18.888379999999998,17.88406,17.42734,17.12453,16.98339,0.08640119,GALAXY
205.6955733,-0.694928963,19.3652,18.1399,17.65534,17.4715,17.37664,6.53e-05,STAR
205.6503963,-0.628361675,19.46207,17.81834,17.01301,16.617,16.319020000000002,0.07104074,GALAXY
205.74201409999998,-0.7654207559999999,18.34066,16.5023,15.64826,15.26125,14.956270000000002,0.07053274,GALAXY
205.760907,-0.742003104,18.86362,17.87739,17.46657,17.17367,17.04404,0.06982873,GALAXY
205.8072795,-0.786819198,17.7933,16.90408,16.6164,16.30378,16.30438,0.08875664,GALAXY
205.91698730000002,-0.8335010270000001,19.141579999999998,17.99588,17.53081,17.2301,17.13721,0.1066131,GALAXY
206.0447121,-0.761242085,19.172629999999998,18.060679999999998,17.6305,17.332720000000002,17.2204,0.08685333,GALAXY
206.1416484,-0.6787276729999999,18.57808,17.38363,17.39016,17.42856,17.489060000000002,0.0007843980000000001,STAR
206.3704304,-0.79829575,19.152420000000003,17.42991,16.57173,16.159329999999997,15.854339999999999,0.08845632,GALAXY
206.3741669,-0.7816732479999999,18.281010000000002,17.18856,16.70175,16.33173,16.14626,0.08813617,GALAXY
206.52457980000003,-0.6988956620000001,19.18844,18.757920000000002,18.86976,19.021079999999998,19.25434,5.59e-05,STAR
206.5766774,-0.8015861790000001,19.14205,17.96772,17.453210000000002,17.09447,16.881610000000002,0.08856599999999999,GALAXY
206.6330657,-0.724304266,18.92986,17.92031,17.41597,17.12756,17.03521,0.1484416,GALAXY
206.79808559999998,-0.7701831290000001,18.6924,17.7664,17.48753,17.38595,17.35225,0.00022482400000000001,STAR
206.8064741,-0.6712874870000001,18.3738,16.84218,16.10014,15.714129999999999,15.417929999999998,0.04749686,GALAXY
207.1038115,-0.816326578,19.03027,17.92062,17.545370000000002,17.40652,17.39518,-1.12e-05,STAR
207.0943716,-0.766966437,17.92943,16.42391,15.792489999999999,15.470629999999998,15.23182,0.02614107,GALAXY
207.1466367,-0.672593158,17.619,16.613429999999997,16.47639,16.426379999999998,16.438670000000002,0.000308748,STAR
207.1816447,-0.72594899,16.85941,15.83554,15.77641,15.7712,15.82794,0.000129414,STAR
207.2248563,-0.7823706220000001,16.88578,15.99562,15.6586,15.51201,15.476170000000002,2.77e-06,STAR
207.2581291,-0.83005592,15.85837,14.6398,14.627,14.652320000000001,14.71224,0.00010604399999999999,STAR
207.4450935,-0.741950842,19.476470000000003,17.61476,16.68962,16.23929,15.874379999999999,0.07854678,GALAXY
207.4502062,-0.7280529029999999,18.14094,16.32733,15.41508,14.974620000000002,14.650879999999999,0.07823353,GALAXY
207.456735,-0.726104512,19.194589999999998,18.31113,18.09644,17.83205,17.75919,0.05310636,GALAXY
207.48936909999998,-0.8032721509999999,19.53265,18.15082,17.43013,17.02216,16.7586,0.0927506,GALAXY
207.7048473,-0.81179491,19.31942,17.365489999999998,16.379179999999998,15.92805,15.551039999999999,0.09100784,GALAXY
207.8799425,-0.7454715120000001,17.156979999999997,16.04984,15.6602,15.51096,15.47703,-4.7e-05,STAR
208.2329375,-0.696097698,19.47384,18.023139999999998,17.21636,16.78238,16.43555,0.11556620000000001,GALAXY
208.64121709999998,-0.7766127159999999,17.147289999999998,15.85645,15.21062,14.84574,14.527510000000001,0.02707425,GALAXY
208.6944506,-0.674094359,18.77788,17.116220000000002,16.37415,15.98126,15.687120000000002,0.03762654,GALAXY
208.6981259,-0.760115862,19.136210000000002,17.95535,17.33129,16.9772,16.74717,0.1425752,GALAXY
208.737877,-0.660098784,18.90994,17.66969,16.9995,16.622220000000002,16.35383,0.08791664,GALAXY
208.9381501,-0.757246504,15.621210000000001,14.608970000000001,14.434870000000002,14.400720000000002,14.45437,0.00010314,STAR
209.0907019,-0.656281418,19.23039,18.06944,17.59436,17.238120000000002,17.09449,0.07908808,GALAXY
209.2886379,-0.644143632,18.812910000000002,17.77027,17.30868,16.95996,16.8011,0.07006504,GALAXY
209.29364009999998,-0.832521517,19.0146,17.33462,16.45423,16.02605,15.675889999999999,0.08909858,GALAXY
209.4291533,-0.76259171,17.80781,16.93552,16.671879999999998,16.47706,16.3433,0.02961222,GALAXY
209.48670380000002,-0.666855747,18.232039999999998,16.455679999999997,15.630560000000001,15.19764,14.8788,0.06956718,GALAXY
209.6880596,-0.7249609890000001,18.49833,17.49403,17.331570000000003,17.28345,17.28941,0.000322833,STAR
209.67522769999997,-0.658012832,18.929579999999998,16.90914,15.78403,15.315539999999999,14.937970000000002,0.13156400000000001,GALAXY
209.84884530000002,-0.831517588,19.07301,18.11891,17.76631,17.65374,17.603939999999998,-0.000162314,STAR
209.95131690000002,-0.7661634429999999,19.15065,17.36285,16.52798,16.15387,15.805570000000001,0.10632,GALAXY
185.37936159999998,0.086911559,18.13147,17.3532,16.93616,16.56829,16.444229999999997,0.1072231,GALAXY
185.26756840000002,0.084620838,18.542189999999998,17.49083,17.070870000000003,16.71762,16.57594,0.10708030000000002,GALAXY
185.44813349999998,0.015136137,17.890520000000002,16.98527,16.73305,16.63174,16.61334,7.54e-05,STAR
185.4852185,0.163399564,18.71479,16.97454,16.38521,16.12513,15.90649,0.106216,GALAXY
185.5285092,0.082486629,18.95637,17.97179,17.80977,17.762729999999998,17.78803,0.000359946,STAR
185.5577817,0.032905127,18.25347,17.34355,17.125770000000003,17.02307,16.96043,0.000522862,STAR
185.7174995,0.091660892,16.412779999999998,14.86871,14.312870000000002,14.10415,13.987879999999999,-0.000120691,STAR
185.7665342,0.028554011,18.97832,18.10239,17.81904,17.715020000000003,17.695,0.000433085,STAR
185.77032749999998,0.198644075,18.70031,17.83492,17.570529999999998,17.45308,17.407989999999998,-6.92e-05,STAR
185.8555339,0.133289829,19.59163,17.81984,16.845979999999997,16.44592,16.10031,0.1062806,GALAXY
185.9015378,0.14503643900000002,16.0238,15.09469,14.80986,14.6965,14.6701,0.000477176,STAR
185.98008380000002,0.039155301,15.1353,13.94085,13.94638,14.00164,14.03319,0.00041384099999999997,STAR
186.0117034,0.044316373,16.37136,14.76484,14.22739,14.07195,13.9889,-7.290000000000001e-05,STAR
186.0339366,0.005707661,18.76134,17.27291,16.74922,16.59132,16.47496,-0.000172935,STAR
186.0765226,0.056070732000000005,17.72557,16.5077,16.112470000000002,15.977829999999999,15.927079999999998,4.18e-05,STAR
186.1011642,0.11930627199999999,17.70918,16.77318,16.49644,16.38192,16.34623,0.000645126,STAR
186.1111769,0.008868983,17.79889,16.90706,16.530079999999998,16.38745,16.30119,0.000777288,STAR
186.01589130000002,0.15452834599999998,19.42352,18.08814,17.5851,17.41209,17.34603,0.000105949,STAR
186.02642980000002,0.11730679599999999,19.49485,17.74386,16.93079,16.61019,16.40522,0.000220751,STAR
186.0338356,0.113212743,19.101020000000002,17.89368,17.17626,16.78514,16.47559,0.1560981,GALAXY
186.0395803,0.164585909,19.08999,17.87979,17.30001,16.917379999999998,16.726770000000002,0.07909836,GALAXY
186.1138317,0.152882187,16.32657,14.791579999999998,14.1052,13.752289999999999,13.46165,0.02549985,GALAXY
186.1347569,0.05219899099999999,19.588910000000002,18.64184,18.49889,18.465529999999998,18.45593,-0.000120104,STAR
186.14690469999996,0.129426424,19.20085,18.08511,17.697789999999998,17.42061,17.29814,0.04204269,GALAXY
186.21219340000002,0.009597379,18.91914,18.02611,17.80632,17.719070000000002,17.72131,0.0005579830000000001,STAR
186.24984840000002,0.130219088,17.6936,16.32069,15.80393,15.6132,15.532060000000001,0.000325267,STAR
186.25720719999998,0.14850123,18.35066,17.41139,17.18135,17.08709,17.08965,-3.05e-05,STAR
186.2859601,0.06193330000000001,18.0996,17.1742,16.83233,16.70185,16.66806,0.000185148,STAR
186.35740259999997,0.063831679,16.387729999999998,14.9501,14.43486,14.2691,14.197470000000001,-4.3e-05,STAR
186.36025690000002,0.082352935,18.9836,17.52731,16.99701,16.7796,16.662779999999998,8.97e-05,STAR
186.4232854,0.099919905,16.91041,15.454329999999999,14.858579999999998,14.64869,14.53447,8.83e-05,STAR
186.57943,0.054573323,17.09046,15.47887,14.816279999999999,14.52759,14.37151,3.8799999999999994e-05,STAR
186.5990118,0.141232724,18.92344,17.86703,17.40125,17.19161,17.123520000000003,0.000351364,STAR
186.6066405,0.20615305,18.540429999999997,17.63641,17.35255,17.255760000000002,17.174220000000002,8.27e-05,STAR
186.49787859999998,0.06582384200000001,19.033820000000002,18.15575,17.951179999999997,17.861439999999998,17.88585,0.000480309,STAR
186.67874730000003,0.15163468800000002,18.71259,16.32915,15.08869,14.58182,14.272260000000001,-5.95e-06,STAR
186.7344875,0.068075388,18.81766,17.493029999999997,16.91854,16.68079,16.58296,-0.000470792,STAR
186.74538869999998,0.10383862599999999,18.573710000000002,17.7188,17.39374,17.28585,17.26827,0.000180701,STAR
186.74856169999998,0.17324577600000002,17.40626,15.87684,15.26237,15.039570000000001,14.925989999999999,-8.99e-05,STAR
186.7047151,0.185916794,19.53823,17.69941,16.98525,16.67076,16.4375,0.000759523,STAR
186.8003236,0.059674849,18.044439999999998,16.12702,15.44266,15.232829999999998,15.12825,4.77e-05,STAR
186.81329680000002,0.031704698999999996,18.55765,16.35182,15.45455,15.0802,14.85069,8.09e-05,STAR
186.8826033,0.14006496699999998,16.80133,15.345139999999999,14.81955,14.644110000000001,14.58058,-7.730000000000001e-05,STAR
186.9081124,0.145877191,17.43725,15.987729999999999,15.43505,15.24584,15.17689,-6.670000000000001e-05,STAR
186.8641983,0.048890672999999996,18.78979,17.4279,16.68736,16.28967,15.9906,0.11292160000000001,GALAXY
161.27338319999998,-0.480484617,17.09137,15.98284,15.62553,15.50242,15.46309,3.34e-05,STAR
161.29110649999998,-0.580470302,18.86026,17.2778,16.66154,16.421110000000002,16.29518,0.00028983599999999997,STAR
161.31148249999998,-0.611121142,18.914579999999997,17.97609,17.69784,17.55495,17.492729999999998,0.000308735,STAR
161.3272007,-0.562638536,17.00254,15.35527,14.73952,14.50755,14.407960000000001,1.47e-05,STAR
161.397725,-0.62154885,17.178810000000002,15.565929999999998,14.90381,14.66557,14.54323,4.9e-05,STAR
161.40525630000002,-0.486109289,18.60262,17.075020000000002,16.493570000000002,16.328960000000002,16.27352,4.41e-05,STAR
161.2784639,-0.46308873899999997,19.05238,17.92345,17.28963,16.89301,16.659879999999998,0.16020879999999998,GALAXY
161.38509430000002,-0.491358226,19.395310000000002,17.49907,16.76746,16.5326,16.40905,5.94e-05,STAR
161.395036,-0.425750026,18.5481,17.3771,16.71891,16.30875,16.06784,0.08583559,GALAXY
161.4243997,-0.43136728700000004,18.90212,17.839560000000002,17.45825,17.33062,17.29042,-3.29e-06,STAR
161.4802825,-0.48937271299999996,16.50787,15.3139,14.8865,14.74076,14.70757,-4.45e-05,STAR
161.543731,-0.52396033,17.28613,16.36086,16.02538,15.89519,15.8609,7.929999999999999e-05,STAR
161.4226664,-0.5192432060000001,18.99146,17.07726,16.12667,15.696579999999999,15.360079999999998,0.08484705,GALAXY
161.4291092,-0.593212362,19.005779999999998,17.89613,17.37406,17.02465,16.81729,0.08506283,GALAXY
161.58086530000003,-0.541816567,17.96859,16.45618,15.879570000000001,15.70021,15.63861,-6.330000000000001e-05,STAR
161.7050514,-0.458871115,18.14537,16.98603,16.57416,16.4543,16.40801,0.00022086099999999998,STAR
161.58263180000003,-0.528305814,19.03796,17.351020000000002,16.56406,16.19586,15.90696,0.03836075,GALAXY
161.5988002,-0.550141164,19.55911,17.67387,16.706429999999997,16.32966,16.03905,0.07696021,GALAXY
161.72570349999998,-0.62828994,19.151,17.45303,16.785220000000002,16.56231,16.45795,5.11e-05,STAR
161.7358885,-0.528817419,18.76022,17.71995,17.28579,17.09315,17.007720000000003,0.000160757,STAR
161.74651830000002,-0.455315161,16.73108,15.34196,14.81329,14.63843,14.56427,2.9299999999999997e-05,STAR
161.7748594,-0.530884415,19.18309,18.28044,17.97188,17.91156,17.87715,0.00021777,STAR
161.77672869999998,-0.603295291,17.8964,16.12725,15.407520000000002,15.121720000000002,14.97763,0.00041774199999999997,STAR
161.79187209999998,-0.46526043899999997,18.81566,17.4146,16.8651,16.67896,16.57537,5.1e-06,STAR
161.8170027,-0.559084404,18.5321,17.63211,17.320610000000002,17.213260000000002,17.18259,0.000431994,STAR
161.9235309,-0.446979654,19.52808,18.67979,18.39561,18.2954,18.215999999999998,0.000371594,STAR
161.9547497,-0.48326205299999997,17.057779999999998,16.01044,15.697829999999998,15.58869,15.56961,8.16e-06,STAR
161.9884128,-0.45583257299999996,15.8452,14.78328,14.48869,14.40722,14.3887,-7.6e-05,STAR
161.9479009,-0.571582908,19.247020000000003,17.71808,17.13476,16.9424,16.85483,-7.979999999999999e-05,STAR
162.01486369999998,-0.516032181,19.33036,17.50834,16.784760000000002,16.53942,16.40915,0.000115074,STAR
162.0176696,-0.57640739,18.77364,17.53109,16.97743,16.6258,16.410429999999998,0.07662232,GALAXY
162.0223666,-0.497567627,16.594920000000002,15.13649,14.590520000000001,14.40143,14.34641,3.53e-05,STAR
162.0738924,-0.425342059,16.37205,15.43852,15.102260000000001,14.96795,14.92506,0.000423333,STAR
162.0756395,-0.582039698,16.44267,15.35777,15.239070000000002,15.23717,15.31003,-0.000151586,STAR
162.11648689999998,-0.605247906,19.23675,18.29424,18.00808,17.91335,17.88959,0.000689084,STAR
162.1289827,-0.61062082,18.37125,16.366989999999998,15.60569,15.362929999999999,15.25285,-3.1e-05,STAR
162.0583379,-0.46628816700000003,19.4854,18.1999,17.6562,17.40889,17.290860000000002,0.0005780480000000001,STAR
162.0873708,-0.590559104,19.23702,18.37381,18.06147,17.93892,17.9211,0.000937404,STAR
162.1670398,-0.525241435,18.65073,17.0002,16.171960000000002,15.69725,15.356110000000001,0.08180232,GALAXY
162.17343780000002,-0.46646338299999995,19.28355,17.29447,16.52981,16.23584,16.07176,2.9199999999999998e-05,STAR
162.195429,-0.541062258,19.07102,18.0139,17.510089999999998,17.31524,17.23491,0.0007550860000000001,STAR
162.21441819999998,-0.47905797200000005,18.27637,16.53353,15.7278,15.34265,15.04055,0.06747919,GALAXY
162.2694814,-0.528871015,18.92278,17.434060000000002,16.85969,16.65171,16.52776,0.00046522199999999994,STAR
162.30150759999998,-0.51094568,19.49018,18.69087,18.40932,17.98627,17.874670000000002,0.08137379,GALAXY
162.3357217,-0.562916471,16.77757,15.790989999999999,15.652510000000001,15.618120000000001,15.644039999999999,0.000652362,STAR
162.3820105,-0.433749396,17.5054,15.80306,15.14073,14.883,14.74835,8.63e-05,STAR
162.4486986,-0.5949639170000001,16.73909,15.50358,15.00279,14.8113,14.7381,0.0009889,STAR
162.4549608,-0.573184032,19.1247,17.39795,16.75752,16.51347,16.3906,0.000246799,STAR
162.3536023,-0.42987944200000006,17.467679999999998,15.51855,14.64059,14.21238,13.868479999999998,0.0385065,GALAXY
162.35813059999998,-0.56013578,19.142889999999998,17.58933,17.22007,16.97656,16.92214,0.05014241,GALAXY
152.3548242,-0.12974370699999999,19.49632,17.59388,16.67482,16.25166,15.950420000000001,0.09504843,GALAXY
152.289487,-0.063071315,19.45274,17.621779999999998,16.68552,16.27155,15.9206,0.09546287,GALAXY
152.381682,-0.040947164,18.45212,16.89779,16.04317,15.65277,15.35365,0.09588677,GALAXY
152.38801130000002,-0.009528702,19.303420000000003,17.38579,16.42225,15.999189999999999,15.64936,0.09656405,GALAXY
152.4089187,-0.1597434,19.27068,18.5268,18.12876,17.754739999999998,17.72392,0.13754960000000002,GALAXY
152.43260859999998,-0.052128999999999995,18.951,17.08533,16.11569,15.69776,15.33339,0.09537001,GALAXY
152.5672169,-0.07478726299999999,17.89386,16.11245,15.34051,15.000420000000002,14.70411,0.09642068,GALAXY
152.46301069999998,-0.121920001,18.70498,17.23423,16.5517,16.18321,15.912270000000001,0.06256203,GALAXY
152.505931,-0.19791262699999998,18.99524,17.87855,17.19045,16.82093,16.564220000000002,0.1512586,GALAXY
152.52898090000002,-0.057700135,18.59652,17.281570000000002,16.71329,16.36005,16.12741,0.05838413,GALAXY
152.7169946,-0.134280382,17.95627,16.46152,15.721639999999999,15.30538,15.0177,0.06864782,GALAXY
152.6749475,-0.127761598,19.04204,17.87724,17.45017,17.21807,17.22886,0.05841528,GALAXY
153.0783934,-0.060261656,17.35868,16.26491,15.91327,15.793120000000002,15.79815,-8.45e-05,STAR
153.36427450000002,-0.029097507999999998,17.88942,16.557129999999997,16.10999,15.9643,15.899029999999998,-0.000145414,STAR
153.47429240000002,-0.154835469,18.73601,16.59921,15.561079999999999,15.12695,14.77491,0.098474,GALAXY
153.3982997,-0.175484773,19.520770000000002,17.50807,16.52395,16.08269,15.73608,0.0,GALAXY
153.4494386,-0.174722052,19.33492,17.25626,16.32616,15.91549,15.54986,0.08873131,GALAXY
153.4961219,-0.081581072,18.18003,16.07295,15.080060000000001,14.62374,14.257270000000002,0.09037467,GALAXY
153.49926530000002,-0.09052324199999999,19.12968,17.53014,16.703120000000002,16.30732,16.00915,0.09169753,GALAXY
153.51745669999997,-0.060347679,18.86843,17.42523,16.59959,16.16429,15.83184,0.09730428,GALAXY
153.5243856,-0.127143014,18.688229999999997,17.60337,17.32386,17.12174,17.00394,0.046331199999999996,GALAXY
153.5322459,-0.051038707,19.524070000000002,18.15866,17.44809,17.07915,16.8003,0.09289638,GALAXY
153.6778371,-0.159828151,19.3824,18.43046,18.16253,18.06108,18.0092,3.09e-05,STAR
153.6494362,-0.15526035,19.28799,17.44256,16.54024,16.12604,15.786129999999998,0.09554408,GALAXY
153.83451409999998,-0.12978664199999998,17.90158,16.980520000000002,16.750420000000002,16.65792,16.641939999999998,0.000116237,STAR
153.8572373,-0.070510582,19.343529999999998,18.01985,17.20665,16.78012,16.49426,0.14425239999999998,GALAXY
154.0026584,-0.112700988,19.09596,17.076620000000002,16.169829999999997,15.72136,15.34942,0.05991426,GALAXY
154.1217706,-0.026990451000000002,19.44706,18.06446,17.47818,17.14834,16.897660000000002,0.1043095,GALAXY
154.2790993,-0.175661495,18.58894,17.374579999999998,16.948929999999997,16.7297,16.77008,0.03401261,GALAXY
154.386659,-0.073125064,19.40503,17.48724,16.53689,16.08374,15.7189,0.0655472,GALAXY
154.4271495,-0.193461068,19.10797,17.574820000000003,16.779220000000002,16.37828,16.08525,0.09604297,GALAXY
154.4527175,-0.030763013999999998,18.6479,16.66485,15.598939999999999,15.12062,14.853179999999998,0.06358586,GALAXY
154.53558859999998,-0.084208298,19.23177,17.46849,16.54995,16.02666,15.61895,0.061080499999999996,GALAXY
154.5490428,-0.14946242699999998,19.565170000000002,17.64734,16.729789999999998,16.29004,15.9327,0.06397337,GALAXY
154.618369,-0.07062022700000001,19.35042,17.61593,16.72431,16.21484,15.82124,0.06570753,GALAXY
154.6518352,-0.178075478,18.748920000000002,16.90716,15.95795,15.484729999999999,15.082460000000001,0.06359103,GALAXY
154.7493615,-0.18252079,19.192339999999998,17.33534,16.35525,15.85395,15.51435,0.09228784,GALAXY
154.79592309999998,-0.153860577,19.09539,18.112920000000003,17.78169,17.651970000000002,17.57892,0.00048925,STAR
154.8642837,-0.034539174,18.37732,16.883010000000002,16.28039,15.94014,15.78495,0.04713511,GALAXY
154.9829995,-0.201431597,19.102439999999998,17.636020000000002,16.90735,16.522129999999997,16.25722,0.06346736,GALAXY
155.01586630000003,-0.113941462,19.18205,17.14069,16.10541,15.682979999999999,15.295029999999999,0.1253822,GALAXY
155.2481467,-0.176081021,18.43279,16.6275,15.718160000000001,15.259279999999999,14.885570000000001,0.05594477,GALAXY
162.6701244,-0.87441191,19.07583,17.58162,16.95899,16.70053,16.53613,0.001075843,STAR
162.6764338,-0.976079059,18.15939,16.46312,15.80274,15.57366,15.45408,3.3299999999999996e-05,STAR
162.6854879,-0.8808515579999999,18.72703,17.26665,16.67284,16.44205,16.30302,0.000481111,STAR
162.68967859999998,-0.9667094479999999,18.70255,17.28837,16.6527,16.40006,16.24515,0.00037780800000000004,STAR
162.7141895,-1.005200603,17.00017,15.58659,15.04507,14.8149,14.700660000000001,0.000494897,STAR
162.71588640000002,-0.9033811340000001,17.97968,16.57929,15.815879999999998,15.384839999999999,15.00796,0.03808302,GALAXY
162.7664195,-0.86051431,17.67043,16.202170000000002,15.636,15.448089999999999,15.32646,0.000152524,STAR
162.6520562,-0.923054037,19.47097,17.4802,16.58447,16.17016,15.81771,0.06308059,GALAXY
162.7014703,-0.9546278009999999,19.48088,17.9746,17.34453,17.11736,16.988960000000002,7.340000000000001e-05,STAR
162.7279612,-0.9708824859999999,19.490370000000002,18.2175,17.42162,16.97952,16.68882,0.1156367,GALAXY
162.7997264,-1.045256905,19.1655,18.07046,18.21098,18.37862,18.57238,0.000592458,STAR
162.8093841,-0.973930463,17.61348,16.07891,15.48947,15.283560000000001,15.18689,0.00019031200000000002,STAR
162.89705039999998,-1.047254012,17.22627,15.45379,14.818729999999999,14.59723,14.484470000000002,4.71e-05,STAR
162.7761506,-0.9552354390000001,19.083070000000003,17.67275,16.96354,16.57325,16.28621,0.0597514,GALAXY
162.8411225,-1.0093345040000001,19.361810000000002,18.16825,17.62504,17.397920000000003,17.29436,0.00048806800000000003,STAR
162.88697,-1.002880575,17.79835,16.35954,15.67576,15.28575,14.9844,0.03730522,GALAXY
162.9638145,-0.878170696,17.007839999999998,16.07094,15.73836,15.60719,15.554620000000002,0.00071068,STAR
162.9797498,-0.893744848,19.30481,18.2557,17.84356,17.564420000000002,17.365370000000002,0.0485734,GALAXY
163.06322340000003,-0.964998595,17.85959,16.18301,15.566989999999999,15.376339999999999,15.281770000000002,-5.05e-05,STAR
163.06205980000001,-0.95549272,18.42401,16.48616,15.58818,15.160279999999998,14.825370000000001,0.04899042,GALAXY
162.9443796,-0.920007262,19.04675,17.8448,17.28803,16.95378,16.77695,0.08235819999999999,GALAXY
163.0141981,-1.0176527309999999,19.58491,18.57561,17.678079999999998,17.228360000000002,16.936989999999998,0.22346799999999997,GALAXY
163.10201740000002,-0.887508573,17.87044,16.753989999999998,16.34901,16.193929999999998,16.134439999999998,-1.7e-05,STAR
163.1626574,-0.943445495,18.983610000000002,17.836560000000002,17.32091,17.11787,17.00929,0.000114978,STAR
163.090331,-0.8435948120000001,19.11032,18.06835,17.6618,17.34074,17.25613,0.08386619,GALAXY
163.15046,-0.917234757,18.64009,17.05594,16.25369,15.809320000000001,15.484539999999999,0.08434325,GALAXY
163.17764019999998,-0.926396752,19.339389999999998,17.72716,16.90447,16.45859,16.14578,0.08470514,GALAXY
163.5929159,-0.906219807,18.56139,16.76052,16.06365,15.81395,15.68069,-2.91e-06,STAR
163.6383429,-0.8696521620000001,19.12334,18.21254,17.86785,17.732029999999998,17.68303,0.000758047,STAR
163.6794939,-0.87505947,19.13235,17.135,16.20414,15.77855,15.450239999999999,0.07515175,GALAXY
163.95662969999998,-1.007108565,18.63928,18.40783,18.72516,18.96407,19.11441,-0.000113937,STAR
163.834242,-0.943390113,17.929570000000002,16.204320000000003,15.3285,14.842120000000001,14.485570000000001,0.0747895,GALAXY
163.8158989,-0.9281100790000001,18.95534,17.08021,16.13205,15.65296,15.251179999999998,0.05176416,GALAXY
164.00014130000002,-0.95482227,18.39349,16.53366,15.56921,15.092,14.71846,0.07376982,GALAXY
164.0898765,-0.889000408,18.19049,16.85052,16.12945,15.675289999999999,15.384329999999999,0.07545097,GALAXY
164.1925042,-0.846054732,18.97626,18.03446,17.68962,17.57739,17.520229999999998,4.03e-06,STAR
164.12605580000002,-0.84856516,19.32554,17.3354,16.4046,15.97445,15.637379999999999,0.07552451,GALAXY
164.1523532,-0.990247421,18.852970000000003,17.48134,16.86091,16.48637,16.23463,0.05539397,GALAXY
164.19001219999998,-0.878395457,18.78915,17.535829999999997,16.91396,16.537860000000002,16.29176,0.07356068,GALAXY
164.2268908,-0.919755342,19.57764,18.62945,18.264129999999998,18.10023,18.024820000000002,6.500000000000001e-05,STAR
164.3156522,-0.9805751490000001,19.03454,17.84141,17.349529999999998,17.01541,16.87057,0.07556449999999999,GALAXY
164.3616955,-0.8801342040000001,18.93401,17.781660000000002,17.13355,16.73445,16.51227,0.0910571,GALAXY
164.2759011,-0.914477456,19.43435,18.26325,17.79818,17.46311,17.274729999999998,0.0750734,GALAXY
164.6667637,-0.987072205,18.86893,17.77161,17.27226,16.921979999999998,16.767529999999997,0.09644709,GALAXY
221.7381938,0.475333981,19.296429999999997,18.30095,17.97338,17.860879999999998,17.78991,-0.000309939,STAR
221.75761580000002,0.621696381,19.48781,18.34975,18.32759,18.390810000000002,18.48263,0.0007792060000000001,STAR
221.7112089,0.468614707,18.61506,17.66902,17.3256,17.07911,16.96687,0.055526,GALAXY
221.7667332,0.479062035,17.68773,16.15192,15.37372,14.9532,14.64231,0.05580719,GALAXY
221.76866099999998,0.493656063,19.505229999999997,18.08859,17.06812,16.59314,16.23049,0.1714733,GALAXY
221.7743555,0.585563069,19.04896,17.626839999999998,16.84383,16.4579,16.178729999999998,0.0957781,GALAXY
221.808461,0.46689140000000007,16.8609,15.654589999999999,15.84795,16.01778,16.09447,-5.2000000000000004e-05,STAR
221.864273,0.60323062,17.58932,16.63618,16.347739999999998,16.26472,16.236439999999998,0.000123053,STAR
221.86777379999998,0.6277940470000001,17.875429999999998,16.84058,16.58549,16.52185,16.522289999999998,9.77e-06,STAR
221.90230830000002,0.46216835100000003,18.17631,16.95115,16.38739,16.1694,16.050729999999998,-4.83e-05,STAR
221.90794669999997,0.49670999299999996,17.446920000000002,16.516820000000003,16.240029999999997,16.146520000000002,16.110310000000002,-0.000273817,STAR
221.8401355,0.6117059260000001,19.47946,18.033079999999998,17.392889999999998,17.06784,16.83607,0.07452711,GALAXY
221.94061630000002,0.474738647,18.787329999999997,17.95024,17.64966,17.54325,17.51614,-0.00048217800000000004,STAR
221.98419040000002,0.446387396,17.50681,16.05808,15.52935,15.36461,15.282860000000001,-3.77e-05,STAR
222.0073006,0.44112968,17.52509,16.505770000000002,16.208029999999997,16.10891,16.078129999999998,8.45e-05,STAR
222.0195014,0.577652875,17.612000000000002,16.7678,16.444670000000002,16.32392,16.29116,-0.000594061,STAR
222.0699747,0.632685808,19.55005,19.45104,19.559479999999997,19.68855,19.8034,0.5843571,GALAXY
222.0703954,0.5787817670000001,19.56222,18.610310000000002,18.35587,18.2285,18.227870000000003,-0.000334776,STAR
222.101398,0.566545636,16.381629999999998,15.448160000000001,15.16225,15.06545,15.05005,0.000655746,STAR
222.1474027,0.617188571,17.37095,16.278879999999997,15.869879999999998,15.7317,15.69633,7.7e-05,STAR
222.1748219,0.478226741,18.857670000000002,17.78661,17.990479999999998,18.16379,18.286479999999997,-0.000256686,STAR
222.20553399999997,0.49171235399999996,17.41434,16.52501,16.20485,16.07789,16.026429999999998,0.0010264360000000001,STAR
222.20938950000001,0.458158089,19.12092,18.220129999999997,17.98256,17.89219,17.83752,6.459999999999998e-05,STAR
222.22682430000003,0.462859925,17.941589999999998,16.6496,16.00563,15.644829999999999,15.36471,0.03443914,GALAXY
222.1655886,0.44778348700000004,18.41705,17.3414,16.8993,16.6444,16.474510000000002,0.03457854,GALAXY
222.2592131,0.609162935,19.13914,18.14602,17.76331,17.61261,17.53908,2.17e-06,STAR
222.2676231,0.627672056,17.43897,16.26901,16.20808,16.25376,16.292070000000002,-0.000858878,STAR
222.2867267,0.439344856,18.96441,17.58614,17.0402,16.83655,16.74259,0.000134893,STAR
222.33850130000002,0.524255538,19.27851,17.592570000000002,17.7325,24.356820000000003,18.04501,-3.39e-05,STAR
222.2496265,0.583698893,19.5731,18.34088,17.81578,17.58725,17.49151,0.000255109,STAR
222.3909008,0.48756861,16.96505,15.7589,15.83425,15.927979999999998,16.00828,-6.579999999999999e-05,STAR
222.39275049999998,0.605170014,19.05459,18.04969,17.6553,17.56808,17.48506,-0.000132466,STAR
222.4040716,0.5620505179999999,17.88768,16.85683,16.72489,16.70373,16.71813,0.00027895400000000004,STAR
222.44182080000002,0.613423199,19.06321,17.69734,17.16108,16.98235,16.8865,-2.6300000000000002e-05,STAR
222.48909989999999,0.558296016,16.9911,15.17415,14.373629999999999,13.99589,13.71774,0.03983419,GALAXY
222.49145430000002,0.548738021,18.99404,17.49792,16.92866,16.72374,16.63062,-0.000171654,STAR
222.5090329,0.578780567,17.78947,15.916910000000001,15.070529999999998,14.67859,14.36553,0.04041696,GALAXY
222.5548702,0.593016181,18.95988,17.82082,17.37332,17.20241,17.13798,-4.61e-05,STAR
222.62873109999998,0.610314038,18.438029999999998,17.35825,17.173370000000002,17.136960000000002,17.16753,8.740000000000001e-05,STAR
222.5356133,0.614590469,18.9386,17.40152,16.62746,16.27216,15.9696,0.04044159,GALAXY
